Workbook

Sheet Rekap
B2: Rekap KPI Teknisi Mobile
B4: Nama | C4: Bulan | O4: Rata-Rata
C5: Jan | D5: Feb | E5: Mar | F5: Apr | G5: May | H5: Jun | I5: Jul | J5: Aug | K5: Sep | L5: Oct | M5: Nov | N5: Dec | P5: Keterlambatan
B6: Andik Noroyan Fananiar | C6: =Andik!H19 -> 0.65967778 | D6: =Andik!J19 -> 0.86423333 | E6: =Andik!L19 -> 0.77042778 | F6: =Andik!N19 -> 0.80562319 | G6: =Andik!P19 -> 0.914 | H6: =Andik!R19 -> 0.77915942 | I6: =Andik!T19 -> 0.84278333 | J6: =Andik!V19 -> 0.9722 | K6: =Andik!X19 -> 0.92031667 | L6: =Andik!Z19 -> 0.94971667 | M6: =Andik!AB19 -> 0.86631667 | O6: =AVERAGE(C6:N6) -> 0.84949589 | P6: 31
B7: Lucky Adi Putra | C7: =Lucky!H18 -> 0.75652222 | D7: =Lucky!J18 -> 0.73438889 | E7: =Lucky!L18 -> 0.72322222 | F7: =Lucky!N18 -> 0.75808333 | G7: =Lucky!P18 -> 0.821 | H7: =Lucky!R18 -> 0.88882609 | I7: =Lucky!T18 -> 0.92645556 | J7: =Lucky!V18 -> 0.7064 | K7: =Lucky!X18 -> 0.76828333 | L7: =Lucky!Z18 -> 0.93968889 | M7: =Lucky!AB18 -> 0.90162222 | O7: =AVERAGE(C7:N7) -> 0.81131752 | P7: 55
B8: Suparman | C8: =Suparman!H18 -> 0.792 | D8: =Suparman!J18 -> 0.742 | E8: =Suparman!L18 -> 0.71272778 | F8: =Suparman!N18 -> 0.86165217 | G8: =Suparman!P18 -> 0.86533333 | H8: =Suparman!R18 -> 0.91315942 | I8: =Suparman!T18 -> 0.72781667 | J8: =Suparman!V18 -> 0.84173333 | K8: =Suparman!X18 -> 0.82438889 | L8: =Suparman!Z18 -> 0.84928333 | M8: =Suparman!AB18 -> 0.78239444 | O8: =AVERAGE(C8:N8) -> 0.81022631 | P8: 69
B9: Ananda Almas Saputra | E9: =Almas!H18 -> 0.77316111 | F9: =Almas!J18 -> 0.7125 | G9: =Almas!L18 -> 0.846 | H9: =Almas!N18 -> 0.75 | I9: =Almas!P18 -> 0.69051111 | J9: =Almas!R18 -> 0.65866111 | K9: =Almas!T18 -> 0.75676111 | L9: =Almas!V18 -> 0.82188889 | M9: =Almas!X18 -> 0.83161111 | O9: =AVERAGE(C9:N9) -> 0.7601216 | P9: 90
B10: Muhammad Abu Samsudin | C10: =Abu!H18 -> 0.69181111 | D10: =Abu!J18 -> 0.50642778 | E10: =Abu!L18 -> 0.52630556 | F10: =Abu!N18 -> 0.8215 | G10: =Abu!P18 -> 0.87966667 | H10: =Abu!R18 -> 0.835 | I10: =Abu!T18 -> 0.85041667 | J10: =Abu!V18 -> 0.74143333 | K10: =Abu!X18 -> 0.81953333 | L10: =Abu!Z18 -> 0.79138889 | M10: =Abu!AB18 -> 0.81722778 | O10: =AVERAGE(C10:N10) -> 0.75279192 | P10: 38
B11: Choirul Anam | C11: =Anam!H18 -> 0.75503889 | D11: =Anam!J18 -> 0.70471111 | E11: =Anam!L18 -> 0.58298889 | F11: =Anam!N18 -> 0.62365217 | G11: =Anam!P18 -> 0.72982609 | H11: =Anam!R18 -> 0.73358333 | I11: =Anam!T18 -> 0.69813889 | J11: =Anam!V18 -> 0.70215 | K11: =Anam!X18 -> 0.79807778 | L11: =Anam!Z18 -> 0.6637 | M11: =Anam!AB18 -> 0.81738889 | O11: =AVERAGE(C11:N11) -> 0.70993237 | P11: 42
B12: Akbar Rohmatulah | C12: =Akbar!H19 -> 0.50945556 | D12: =Akbar!J19 -> 0.63932222 | E12: =Akbar!L19 -> 0.66178889 | F12: =Akbar!N19 -> 0.64465217 | G12: =Akbar!P19 -> 0.65166667 | H12: =Akbar!R19 -> 0.721 | I12: =Akbar!T19 -> 0.83335556 | J12: =Akbar!V19 -> 0.74978889 | K12: =Akbar!X19 -> 0.70556667 | L12: =Akbar!Z19 -> 0.82017778 | M12: =Akbar!AB19 -> 0.82257778 | O12: =AVERAGE(C12:N12) -> 0.70539565 | P12: 78
B13: Moh. Mahrus | C13: =Mahrus!H18 -> 0.60241111 | D13: =Mahrus!J18 -> 0.71621111 | E13: =Mahrus!L18 -> 0.55248333 | F13: =Mahrus!N18 -> 0.64214493 | G13: =Mahrus!P18 -> 0.72266667 | H13: =Mahrus!R18 -> 0.72315942 | I13: =Mahrus!T18 -> 0.51786667 | J13: =Mahrus!V18 -> 0.71127222 | K13: =Mahrus!X18 -> 0.70172778 | L13: =Mahrus!Z18 -> 0.73948889 | M13: =Mahrus!AB18 -> 0.74038333 | O13: =AVERAGE(C13:N13) -> 0.66998322 | P13: 114
L17: Nama Teknisi | M17: Keterlambatan
L18: Andik Noroyan Fananiar | M18: 31
L19: Muhammad Abu Samsudin | M19: 38
L20: Choirul Anam | M20: 42
L21: Lucky Adi Putra | M21: 55
L22: Suparman | M22: 69
L23: Akbar Rohmatulah | M23: 78
L24: Ananda Almas Saputra | M24: 90
L25: Moh. Mahrus | M25: 114

Sheet Anam
B3: No | C3: Kategori Penilaian | D3: Sub penilaian | E3: Indikator Penilaian | F3: Bobot | G3: Jan | I3: Feb | K3: Mar | M3: Apr | O3: May | Q3: June | S3: Juli | U3: Agustus | W3: September | Y3: Oktober | AA3: November | AC3: Desember
G4: Keterangan | H4: Persentase | I4: Keterangan | J4: Persentase | K4: Keterangan | L4: Persentase | M4: Keterangan | N4: Persentase | O4: Keterangan | P4: Persentase | Q4: Keterangan | R4: Persentase | S4: Keterangan | T4: Persentase | U4: Keterangan | V4: Persentase | W4: Keterangan | X4: Persentase | Y4: Keterangan | Z4: Persentase | AA4: Keterangan | AB4: Persentase | AC4: Keterangan | AD4: Persentase
B5: 1 | C5: Kedisiplinan | D5: Administrasi | E5: - Check In & Out Laporan pelayanan tidak sesuai dengan jadwal | F5: 0.05 | G5: 0 | H5: 0.05 | I5: 4 | J5: 0.05 | K5: 13 | L5: 0 | M5: 12 | N5: 0 | O5: 8 | P5: 0 | Q5: 1 | R5: 0 | S5: 0 | T5: 0.05 | U5: 0 | V5: 0.05 | W5: 0 | X5: 0.05 | Y5: 0 | Z5: 0.05 | AA5: 0 | AB5: 0.05 | AD5: 0
E6: - Ketepatan Pengisian administrasi (Laporan pelayanan & checklist) tidak lengkap meliputi keterangan area, jenis & hasil treatment, pemakaian chemical, dokumentasi pengerjaan, serta rekomendasi (apabila ada) | F6: 0.05 | G6: 0 | H6: 0.05 | I6: 2 basic studio foto hanya sedikit | J6: 0.05 | K6: 0 | L6: 0.05 | M6: Tigarasa & AP tidak rekomendasi (10) | N6: 0.05 | O6: Tigarasa & AP tidak rekomendasi (10) | P6: 0.05 | Q6: Tigarasa & AP tidak rekomendasi (10) | R6: 0.05 | S6: 0 | T6: 0.05 | U6: 0 | V6: 0.05 | W6: 0 | X6: 0.05 | Y6: 0 | Z6: 0.05 | AA6: 0 | AB6: 0.05 | AD6: 0
D7: Waktu | E7: - Tidak datang terlambat saat melakukan kunjungan ke client baik treatment maupun follow up | F7: 0.05 | G7: 3 | H7: 0.05 | I7: 0 | J7: 0.05 | K7: 5 | L7: 0 | M7: 8 | N7: 0 | O7: 8 | P7: 0 | Q7: 6 | R7: 0 | S7: 8 | T7: 0 | U7: 4 | V7: 0.05 | W7: 0 | X7: 0.05 | Y7: 0 | Z7: 0.05 | AA7: 0 | AB7: 0.05 | AD7: 0 | AE7: =SUM(G7,I7,K7,M7,O7,Q7,S7,U7,W7,Y7,AA7) -> 42
E8: - Tidak melakukan cancel treatment pada client | F8: 0.05 | G8: 4 ( 11 Jan 2025) (PLN, 3 rasa, pramita, laoban) | H8: 0 | I8: 0 | J8: 0.05 | K8: 0 | L8: 0.05 | M8: 0 | N8: 0.05 | O8: 0 | P8: 0.05 | Q8: 0 | R8: 0.05 | S8: 0 | T8: 0.05 | U8: 0 | V8: 0.05 | W8: 0 | X8: 0.05 | Y8: 0 | Z8: 0.05 | AA8: 0 | AB8: 0.05 | AD8: 0
E9: - Tidak izin mendadak (kurang dari 24 jam dari jadwal) | F9: 0.05 | G9: 1 | H9: 0.05 | I9: 0 | J9: 0.05 | K9: 0 | L9: 0.05 | M9: 0 | N9: 0.05 | O9: 0 | P9: 0.05 | Q9: 0 | R9: 0.05 | S9: 0 | T9: 0.05 | U9: 0 | V9: 0.05 | W9: 0 | X9: 0.05 | Y9: 3-4 Okt | Z9: 0 | AA9: 0 | AB9: 0.05 | AD9: 0
D10: Kinerja | E10: - Penilaian Tim QC | F10: 0.05 | G10: 3.5 | H10: 0.035 | I10: 3.5 | J10: 0.035 | K10: 3.5 | L10: 0.035 | M10: 4 | N10: 0.04 | O10: 4 | P10: 0.04 | Q10: 3.5 | R10: 0.035 | S10: 3 | T10: 0.03 | U10: 4 | V10: 0.04 | W10: 4 | X10: 0.04 | Y10: 4 | Z10: 0.04 | AA10: 4 | AB10: 0.04 | AD10: 0
E11: - melaksanakan arahan SPV sesuai dengan yang diperintahkan | F11: 0.05 | G11: 4.6 | H11: 0.046 | I11: 0 | J11: 0.046 | K11: 4.6 | L11: 0.046 | M11: 4 | N11: 0.046 | O11: 4.6 | P11: 0.046 | Q11: 4.6 | R11: 0.046 | S11: 4 | T11: 0.04 | U11: 4.6 | V11: 0.046 | W11: 4.6 | X11: 0.046 | Y11: 4.6 | Z11: 0.046 | AA11: 4.6 | AB11: 0.046 | AD11: 0
B12: 2 | C12: Complain | E12: - Frekuensi client complain major dalam 1 bulan | F12: 0.1 | G12: 0 | H12: 0.1 | I12: 1 tongji | J12: 0 | K12: 1 (Casa) | L12: 0 | M12: 1 GKI | N12: 0 | O12: 0 | P12: 0.1 | Q12: 0 | R12: 0.1 | S12: Segar Berkah | T12: 0 | U12: Centimeter | V12: 0 | W12: 0 | X12: 0.1 | Y12: PT. Heaven Chemical Indonesia | Z12: 0 | AA12: 0 | AB12: 0.1 | AD12: 0
E13: - Responsibility teknisi dalam penanganan complain | F13: 0.1 | G13: 0 | H13: 0.1 | I13: 1 (tongji 4 hari) | J13: 0.1 | K13: 1 | L13: 0.1 | M13: 0 | N13: 0.1 | O13: 0 | P13: 0.1 | Q13: 0 | R13: 0.1 | S13: 1 | T13: 0.1 | U13: 2 | V13: 0.1 | W13: 1 | X13: 0.1 | Y13: 1 | Z13: 0.1 | AA13: 2 | AB13: 0.1 | AD13: 0
B14: 3 | C14: Grooming | E14: - Selalu berpenampilan rapi (seragam, sepatu) serta memotong rapi rambut, kuku kumis, jenggot. - Menggunakan APD lengkap saat treatment | F14: 0.1 | G14: Tidak (sarung tangan) | H14: 0 | I14: Apd tidak lengkap, tidak ada sarung tangan | J14: 0 | K14: Apd tidak lengkap, tidak ada sarung tangan | L14: 0 | M14: Apd tidak lengkap, tidak ada sarung tangan | N14: 0 | O14: Apd tidak lengkap, tidak ada sarung tangan | P14: 0 | Q14: Apd tidak lengkap, tidak ada sarung tangan | R14: 0 | S14: Apd tidak lengkap, tidak ada sarung tangan | T14: 0 | U14: Apd tidak lengkap, tidak ada sarung tangan | V14: 0 | W14: Apd tidak lengkap, tidak ada sarung tangan | X14: 0 | Y14: Apd tidak lengkap, tidak ada sarung tangan | Z14: 0 | AA14: Apd tidak lengkap, tidak ada sarung tangan | AB14: 0 | AD14: 0
B15: 4 | C15: Kunjungan | E15: - Jumlah kunjungan (100%) | F15: 0.2 | G15: 70 | H15: =((G15/100*100%)*20%) -> 0.14 | I15: 67 | J15: =((I15/100*100%)*20%) -> 0.134 | K15: 64 | L15: =((K15/100*100%)*20%) -> 0.128 | M15: 62 | N15: =((M15/75*100%)*20%) -> 0.16533333 | O15: 64 | P15: =((O15/75*100%)*20%) -> 0.17066667 | Q15: 66 | R15: =((Q15/75*100%)*20%) -> 0.176 | S15: 75 | T15: =((S15/75*100%)*20%) -> 0.2 | U15: 57 | V15: =((U15/75*100%)*20%) -> 0.152 | W15: 58 | X15: =((W15/75*100%)*20%) -> 0.15466667 | Y15: 61 | Z15: =((Y15/75*100%)*20%) -> 0.16266667 | AA15: 61 | AB15: =((AA15/75*100%)*20%) -> 0.16266667 | AD15: =((AC15/75*100%)*20%) -> 0
E16: - Jumlah jam kunjungan (150 Jam / 9000 Menit) | F16: 0.1 | G16: =7751/60 -> 129.18333 | H16: =((G16/150*100%)*10%) -> 0.086122222 | I16: =8074/60 -> 134.56667 | J16: =((I16/150*100%)*10%) -> 0.089711111 | K16: =7034/60 -> 117.23333 | L16: =((K16/150*100%)*10%) -> 0.078155556 | M16: 115 | N16: =((M16/150*100%)*10%) -> 0.076666667 | O16: 113 | P16: =((O16/150*100%)*10%) -> 0.075333333 | Q16: 118 | R16: =((Q16/150*100%)*10%) -> 0.078666667 | S16: =6845/60 -> 114.08333 | T16: =((S16/150*100%)*10%) -> 0.076055556 | U16: =5961/60 -> 99.35 | V16: =((U16/150*100%)*10%) -> 0.066233333 | W16: =5542/60 -> 92.366667 | X16: =((W16/150*100%)*10%) -> 0.061577778 | Y16: =5853/60 -> 97.55 | Z16: =((Y16/150*100%)*10%) -> 0.065033333 | AA16: =6185/60 -> 103.08333 | AB16: =((AA16/150*100%)*10%) -> 0.068722222 | AD16: =((AC16/150*100%)*10%) -> 0
E17: - Hari efektif | F17: 0.05 | G17: 23 | H17: =((G17/24*100%)*5%) -> 0.047916667 | I17: 24 | J17: =((I17/24*100%)*5%) -> 0.05 | K17: 22 | L17: =((K17/24*100%)*5%) -> 0.045833333 | M17: 21 | N17: =((M17/23*100%)*5%) -> 0.045652174 | O17: 22 | P17: =((O17/23*100%)*5%) -> 0.047826087 | Q17: 23 | R17: =((Q17/24*100%)*5%) -> 0.047916667 | S17: 25 | T17: =((S17/24*100%)*5%) -> 0.052083333 | U17: 23 | V17: =((U17/24*100%)*5%) -> 0.047916667 | W17: 22 | X17: =((W17/24*100%)*5%) -> 0.045833333 | Y17: 24 | Z17: =((Y17/24*100%)*5%) -> 0.05 | AA17: 24 | AB17: =((AA17/24*100%)*5%) -> 0.05 | AD17: =((AC17/24*100%)*5%) -> 0
B18: Total | F18: =SUM(F5:F17) -> 1 | H18: =SUM(H5:H17) -> 0.75503889 | J18: =SUM(J5:J17) -> 0.70471111 | L18: =SUM(L5:L17) -> 0.58298889 | N18: =SUM(N5:N17) -> 0.62365217 | P18: =SUM(P5:P17) -> 0.72982609 | R18: =SUM(R5:R17) -> 0.73358333 | T18: =SUM(T5:T17) -> 0.69813889 | V18: =SUM(V5:V17) -> 0.70215 | X18: =SUM(X5:X17) -> 0.79807778 | Z18: =SUM(Z5:Z17) -> 0.6637 | AB18: =SUM(AB5:AB17) -> 0.81738889 | AD18: =SUM(AD5:AD17) -> 0

Sheet Akbar
B1: Nama : | C1: Akbar
B2: SPV | C2: Badrul Komar
B4: No | C4: Kategori Penilaian | D4: Sub penilaian | E4: Indikator Penilaian | F4: Bobot | G4: Jan | I4: Feb | K4: Mar | M4: Apr | O4: May | Q4: June | S4: Juli | U4: Agustus | W4: September | Y4: Oktober | AA4: November | AC4: Desember
G5: Keterangan | H5: Persentase | I5: Keterangan | J5: Persentase | K5: Keterangan | L5: Persentase | M5: Keterangan | N5: Persentase | O5: Keterangan | P5: Persentase | Q5: Keterangan | R5: Persentase | S5: Keterangan | T5: Persentase | U5: Keterangan | V5: Persentase | W5: Keterangan | X5: Persentase | Y5: Keterangan | Z5: Persentase | AA5: Keterangan | AB5: Persentase | AC5: Keterangan | AD5: Persentase
B6: 1 | C6: Kedisiplinan | D6: Administrasi | E6: - Check In & Out Laporan pelayanan tidak sesuai dengan jadwal | F6: 0.05 | G6: 15 | H6: 0 | I6: 28 | J6: 0 | K6: 26 | L6: 0 | M6: 3 | N6: 0.05 | O6: 2 | P6: 0.05 | Q6: 3 | R6: 0.05 | S6: 0 | T6: 0.05 | U6: 0 | V6: 0.05 | W6: 0 | X6: 0.05 | Y6: 0 | Z6: 0.05 | AA6: 0 | AB6: 0.05 | AD6: 0
E7: - Ketepatan Pengisian administrasi (Laporan pelayanan & checklist) tidak lengkap meliputi keterangan area, jenis & hasil treatment, pemakaian chemical, dokumentasi pengerjaan, serta rekomendasi (apabila ada) | F7: 0.05 | G7: 6 (laporan pelayanan gloria Kupang, pacar, Suko) | H7: 0 | I7: 11 lapel | J7: 0 | K7: 15 ( lamora & 88kds) penulisan Chemical kurang lengkap | L7: 0 | M7: Tidak ada laporan pelayanan (all gloria) | N7: 0 | O7: Tidak ada laporan pelayanan (all gloria) | P7: 0 | Q7: Tidak ada laporan pelayanan (all gloria) | R7: 0 | S7: Lengkap | T7: 0.05 | U7: Lengkap | V7: 0.05 | W7: Lengkap | X7: 0.05 | Y7: Lengkap | Z7: 0.05 | AA7: Lengkap | AB7: 0.05 | AD7: 0
D8: Waktu | E8: - Tidak datang terlambat saat melakukan kunjungan ke client baik treatment maupun follow up | F8: 0.05 | G8: 17 | H8: 0 | I8: 7 | J8: 0.05 | K8: 17 | L8: 0 | M8: 13 | N8: 0 | O8: 9 | P8: 0 | Q8: 4 | R8: 0.05 | S8: 8 | T8: 0 | U8: 3 | V8: 0.05 | W8: 0 | X8: 0.05 | Y8: 0 | Z8: 0.05 | AA8: 0 | AB8: 0.05 | AD8: 0 | AE8: =SUM(G8,I8,K8,M8,O8,Q8,S8,U8,W8,Y8,AA8) -> 78
E9: - Tidak melakukan cancel treatment pada client | F9: 0.05 | G9: 1 ( Bu Mega, Ketiduran) | H9: 0 | I9: 0 | J9: 0.05 | K9: 0 | L9: 0.05 | M9: 0 | N9: 0.05 | O9: 0 | P9: 0.05 | Q9: Juni Benhill (27 Juni) | R9: 0 | T9: 0 | V9: 0 | X9: 0 | Z9: 0 | AB9: 0 | AD9: 0
E10: - Tidak izin mendadak (kurang dari 24 jam dari jadwal) | F10: 0.05 | G10: 0 | H10: 0.05 | I10: 0 | J10: 0.05 | K10: 0 | L10: 0.05 | M10: 0 | N10: 0.05 | O10: 0 | P10: 0.05 | Q10: 0 | R10: 0.05 | S10: 0 | T10: 0.05 | U10: 0 | V10: 0.05 | W10: 0 | X10: 0.05 | Y10: 0 | Z10: 0.05 | AA10: 0 | AB10: 0.05 | AD10: 0
D11: Kinerja | E11: - Penilaian Tim QC | F11: 0.05 | G11: 3 | H11: 0.03 | I11: 3.5 | J11: 0.035 | K11: 3.5 | L11: 0.035 | M11: 3.5 | N11: 0.035 | O11: 3.5 | P11: 0.035 | Q11: 3.5 | R11: 0.035 | S11: 4 | T11: 0.04 | U11: 4 | V11: 0.04 | W11: 4 | X11: 0.04 | Y11: 4 | Z11: 0.04 | AA11: 4 | AB11: 0.04 | AD11: 0
E12: - melaksanakan arahan SPV sesuai dengan yang diperintahkan | F12: 0.05 | G12: 4.6 | H12: 0.046 | I12: 4.6 | J12: 0.046 | K12: 4.3 | L12: 0.043 | M12: 3.6 | N12: 0.036 | O12: 3.6 | P12: 0.036 | Q12: 3.6 | R12: 0.036 | S12: 4 | T12: 0.04 | U12: 4 | V12: 0.04 | W12: 4 | X12: 0.04 | Y12: 4 | Z12: 0.04 | AA12: 4 | AB12: 0.04 | AD12: 0
B13: 2 | C13: Complain | E13: - Frekuensi client complain major dalam 1 bulan | F13: 0.1 | G13: 2 | H13: 0 | I13: 1 | J13: 0 | K13: 0 | L13: 0.1 | M13: Lamora (1) | N13: 0 | O13: AADK ARH (1) | P13: 0 | Q13: 0 | R13: 0.1 | S13: 0 | T13: 0.1 | U13: 1 | V13: 0 | W13: 1 | X13: 0 | Y13: 1 | Z13: 0 | AA13: 1 | AB13: 0 | AD13: 0
E14: - Responsibility teknisi dalam penanganan complain | F14: 0.1 | G14: 1 ( Eicy cafe, 6 hari) | H14: 0.1 | I14: 1 Bravo | J14: 0.1 | K14: 1 | L14: 0.1 | M14: 1 | N14: 0.1 | O14: 0 | P14: 0.1 | Q14: 0 | R14: 0.1 | S14: 1 | T14: 0.1 | U14: 0 | V14: 0.1 | W14: 4 | X14: 0 | Y14: 0 | Z14: 0.1 | AA14: 0 | AB14: 0.1 | AD14: 0
B15: 3 | C15: Grooming | E15: - Selalu berpenampilan rapi (seragam, sepatu) serta memotong rapi rambut, kuku kumis, jenggot. - Menggunakan APD lengkap saat treatment | F15: 0.1 | G15: Tidak memakai sepatu safety & sarung tangan | H15: 0 | I15: APD (Sepatu & sarung tangan) | J15: 0 | K15: Tidak (rambut, sepatu tidak safety) | L15: 0 | M15: Sepatu safety | N15: 0 | O15: Sepatu safety | P15: 0 | Q15: Sepatu safety | R15: 0 | S15: Ya | T15: 0.1 | U15: Ya | V15: 0.1 | W15: Ya | X15: 0.1 | Y15: Ya | Z15: 0.1 | AA15: Ya | AB15: 0.1 | AD15: 0
B16: 4 | C16: Kunjungan | E16: - Jumlah kunjungan (100%) | F16: 0.2 | G16: 71 | H16: =((G16/100*100%)*20%) -> 0.142 | I16: 76 | J16: =((I16/100*100%)*20%) -> 0.152 | K16: 70 | L16: =((K16/100*100%)*20%) -> 0.14 | M16: 72 | N16: =((M16/75*100%)*20%) -> 0.192 | O16: 71 | P16: =((O16/75*100%)*20%) -> 0.18933333 | Q16: 63 | R16: =((Q16/75*100%)*20%) -> 0.168 | S16: 66 | T16: =((S16/75*100%)*20%) -> 0.176 | U16: 54 | V16: =((U16/75*100%)*20%) -> 0.144 | W16: 73 | X16: =((W16/75*100%)*20%) -> 0.19466667 | Y16: 74 | Z16: =((Y16/75*100%)*20%) -> 0.19733333 | AA16: 80 | AB16: =((AA16/75*100%)*20%) -> 0.21333333 | AD16: =((AC16/75*100%)*20%) -> 0
E17: - Jumlah jam kunjungan (150 Jam / 9000 Menit) | F17: 0.1 | G17: =8231/60 -> 137.18333 | H17: =((G17/150*100%)*10%) -> 0.091455556 | I17: =9569/60 -> 159.48333 | J17: =((I17/150*100%)*10%) -> 0.10632222 | K17: =8441/60 -> 140.68333 | L17: =((K17/150*100%)*10%) -> 0.093788889 | M17: 129 | N17: =((M17/150*100%)*10%) -> 0.086 | O17: 137 | P17: =((O17/150*100%)*10%) -> 0.091333333 | Q17: 129 | R17: =((Q17/150*100%)*10%) -> 0.086 | S17: =6587/60 -> 109.78333 | T17: =((S17/150*100%)*10%) -> 0.073188889 | U17: =6821/60 -> 113.68333 | V17: =((U17/150*100%)*10%) -> 0.075788889 | W17: =7281/60 -> 121.35 | X17: =((W17/150*100%)*10%) -> 0.0809 | Y17: =7981/60 -> 133.01667 | Z17: =((Y17/150*100%)*10%) -> 0.088677778 | AA17: =7132/60 -> 118.86667 | AB17: =((AA17/150*100%)*10%) -> 0.079244444 | AD17: =((AC17/150*100%)*10%) -> 0
E18: - Hari efektif | F18: 0.05 | G18: 24 | H18: 0.05 | I18: 26 | J18: 0.05 | K18: 24 | L18: =((24/24*100%)*5%) -> 0.05 | M18: 21 | N18: =((M18/23*100%)*5%) -> 0.045652174 | O18: 23 | P18: =((O18/23*100%)*5%) -> 0.05 | Q18: 23 | R18: =((Q18/25*100%)*5%) -> 0.046 | S18: 26 | T18: =((S18/24*100%)*5%) -> 0.054166667 | U18: 24 | V18: =((U18/24*100%)*5%) -> 0.05 | W18: 24 | X18: =((W18/24*100%)*5%) -> 0.05 | Y18: 26 | Z18: =((Y18/24*100%)*5%) -> 0.054166667 | AA18: 24 | AB18: =((AA18/24*100%)*5%) -> 0.05 | AD18: =((AC18/24*100%)*5%) -> 0
B19: Total | F19: =SUM(F6:F18) -> 1 | H19: =SUM(H6:H18) -> 0.50945556 | J19: =SUM(J6:J18) -> 0.63932222 | L19: =SUM(L6:L18) -> 0.66178889 | N19: =SUM(N6:N18) -> 0.64465217 | P19: =SUM(P6:P18) -> 0.65166667 | R19: =SUM(R6:R18) -> 0.721 | T19: =SUM(T6:T18) -> 0.83335556 | V19: =SUM(V6:V18) -> 0.74978889 | X19: =SUM(X6:X18) -> 0.70556667 | Z19: =SUM(Z6:Z18) -> 0.82017778 | AB19: =SUM(AB6:AB18) -> 0.82257778 | AD19: =SUM(AD6:AD18) -> 0

Sheet Suparman
B3: No | C3: Kategori Penilaian | D3: Sub penilaian | E3: Indikator Penilaian | F3: Bobot | G3: Jan | I3: Feb | K3: Mar | M3: Apr | O3: May | Q3: June | S3: Juli | U3: Agustus | W3: September | Y3: Oktober | AA3: November | AC3: Desember
G4: Keterangan | H4: Persentase | I4: Keterangan | J4: Persentase | K4: Keterangan | L4: Persentase | M4: Keterangan | N4: Persentase | O4: Keterangan | P4: Persentase | Q4: Keterangan | R4: Persentase | S4: Keterangan | T4: Persentase | U4: Keterangan | V4: Persentase | W4: Keterangan | X4: Persentase | Y4: Keterangan | Z4: Persentase | AA4: Keterangan | AB4: Persentase | AC4: Keterangan | AD4: Persentase
B5: 1 | C5: Kedisiplinan | D5: Administrasi | E5: - Check In & Out Laporan pelayanan tidak sesuai dengan jadwal | F5: 0.05 | G5: 0 | H5: 0.05 | I5: 19 | J5: 0 | K5: 9 | L5: 0 | M5: 3 | N5: 0.05 | O5: 1 | P5: 0.05 | Q5: 0 | R5: 0.05 | S5: 0 | T5: 0.05 | U5: 0 | V5: 0.05 | W5: 0 | X5: 0.05 | Y5: 0 | Z5: 0.05 | AA5: 0 | AB5: 0.05 | AD5: 0
E6: - Ketepatan Pengisian administrasi (Laporan pelayanan & checklist) tidak lengkap meliputi keterangan area, jenis & hasil treatment, pemakaian chemical, dokumentasi pengerjaan, serta rekomendasi (apabila ada) | F6: 0.05 | G6: 4 (tgl 18 & 25 laporan pelayananserta checklist) belum diisi) | H6: 0.05 | I6: 8 cikal | J6: 0 | K6: 9 | L6: 0 | M6: Cikal (8) | N6: 0 | O6: Cikal (8) | P6: 0 | Q6: Cikal (8) | R6: 0 | S6: Cikal (8) | T6: 0 | U6: Cikal (8) | V6: 0 | W6: Cikal (8) | X6: 0 | Y6: Cikal (8) | Z6: 0 | AA6: Cikal (8) | AB6: 0 | AD6: 0
D7: Waktu | E7: - Tidak datang terlambat saat melakukan kunjungan ke client baik treatment maupun follow up | F7: 0.05 | G7: 10 | H7: 0 | I7: 7 | J7: 0.05 | K7: 6 | L7: 0.05 | M7: 13 | N7: 0 | O7: 9 | P7: 0 | Q7: 4 | R7: 0.05 | S7: 10 | T7: 0 | U7: 10 | V7: 0 | W7: 0 | X7: 0.05 | Y7: 0 | Z7: 0.05 | AA7: 0 | AB7: 0.05 | AD7: 0 | AE7: =SUM(G7,I7,K7,M7,O7,Q7,S7,U7,W7,Y7,AA7) -> 69
E8: - Tidak melakukan cancel treatment pada client | F8: 0.05 | G8: 0 | H8: 0.05 | I8: 0 | J8: 0.05 | K8: 1 (loca Tj) ketiduran | L8: 0 | M8: 0 | N8: 0.05 | O8: 0 | P8: 0.05 | Q8: 0 | R8: 0.05 | S8: 0 | T8: 0.05 | U8: 0 | V8: 0.05 | W8: 0 | X8: 0.05 | Y8: 0 | Z8: 0.05 | AA8: 1 (shell veteran) | AB8: 0 | AD8: 0
E9: - Tidak izin mendadak (kurang dari 24 jam dari jadwal) | F9: 0.05 | G9: 0 | H9: 0.05 | I9: 0 | J9: 0.05 | K9: 0 | L9: 0.05 | M9: 0 | N9: 0.05 | O9: 0 | P9: 0.05 | Q9: 0 | R9: 0.05 | S9: 0 | T9: 0.05 | U9: 0 | V9: 0.05 | W9: 0 | X9: 0.05 | Y9: 0 | Z9: 0.05 | AA9: 0 | AB9: 0.05 | AD9: 0
D10: Kinerja | E10: - Penilaian Tim QC | F10: 0.05 | G10: 4 | H10: 0.04 | I10: 4 | J10: 0.04 | K10: 4 | L10: 0.04 | M10: 4 | N10: 0.04 | O10: 4 | P10: 0.04 | Q10: 4 | R10: 0.04 | S10: 4 | T10: 0.04 | U10: 4 | V10: 0.04 | W10: 4 | X10: 0.04 | Y10: 4 | Z10: 0.04 | AA10: 4 | AB10: 0.04 | AD10: 0
E11: - melaksanakan arahan SPV sesuai dengan yang diperintahkan | F11: 0.05 | G11: 4.6 | H11: 0.046 | I11: 4.6 | J11: 0.046 | K11: 4.3 | L11: 0.043 | M11: 4.6 | N11: 0.046 | O11: 4.6 | P11: 0.046 | Q11: 4.6 | R11: 0.046 | S11: 4 | T11: 0.04 | U11: 4 | V11: 0.04 | W11: 4 | X11: 0.04 | Y11: 4 | Z11: 0.04 | AA11: 4 | AB11: 0.04 | AD11: 0
B12: 2 | C12: Complain | E12: - Frekuensi client complain major dalam 1 bulan | F12: 0.1 | G12: 2 | H12: 0 | I12: 2 | J12: 0 | K12: 1 (common ground) | L12: 0 | M12: 0 | N12: 0.1 | O12: 0 | P12: 0.1 | Q12: 0 | R12: 0.1 | S12: 2 | T12: 0 | U12: 0 | V12: 0.1 | W12: 1 | X12: 0 | Y12: 0 | Z12: 0.1 | AA12: 1 | AB12: 0 | AD12: 0
E13: - Responsibility teknisi dalam penanganan complain | F13: 0.1 | G13: 1 ( Bu Elly - 6) | H13: 0.1 | I13: 2 | J13: 0.1 | K13: 2 | L13: 0.1 | M13: 1 | N13: 0.1 | O13: 1 | P13: 0.1 | Q13: 0 | R13: 0.1 | S13: 2 | T13: 0.1 | U13: 1 | V13: 0.1 | W13: 1 | X13: 0.1 | Y13: 0 | Z13: 0.1 | AA13: 3 | AB13: 0.1 | AD13: 0
B14: 3 | C14: Grooming | E14: - Selalu berpenampilan rapi (seragam, sepatu) serta memotong rapi rambut, kuku kumis, jenggot. - Menggunakan APD lengkap saat treatment | F14: 0.1 | G14: Lengkap | H14: 0.1 | I14: Apd lengkap | J14: 0.1 | K14: Ya | L14: 0.1 | M14: Ya | N14: 0.1 | O14: Ya | P14: 0.1 | Q14: Ya | R14: 0.1 | S14: Ya | T14: 0.1 | U14: Ya | V14: 0.1 | W14: Ya | X14: 0.1 | Y14: Ya | Z14: 0.1 | AA14: Ya | AB14: 0.1 | AD14: 0
B15: 4 | C15: Kunjungan | E15: - Jumlah kunjungan (100%) | F15: 0.2 | G15: 78 | H15: =((G15/100*100%)*20%) -> 0.156 | I15: 78 | J15: =((I15/100*100%)*20%) -> 0.156 | K15: 71 | L15: =((K15/75*100%)*20%) -> 0.18933333 | M15: 72 | N15: =((M15/75*100%)*20%) -> 0.192 | O15: 71 | P15: =((O15/75*100%)*20%) -> 0.18933333 | Q15: 69 | R15: =((Q15/75*100%)*20%) -> 0.184 | S15: 64 | T15: =((S15/75*100%)*20%) -> 0.17066667 | U15: 64 | V15: =((U15/75*100%)*20%) -> 0.17066667 | W15: 65 | X15: =((W15/75*100%)*20%) -> 0.17333333 | Y15: 56 | Z15: =((Y15/75*100%)*20%) -> 0.14933333 | AA15: 75 | AB15: =((AA15/75*100%)*20%) -> 0.2 | AD15: =((AC15/75*100%)*20%) -> 0
E16: - Jumlah jam kunjungan (150 Jam / 9000 Menit) | F16: 0.1 | G16: =9654/60 -> 160.9 | H16: 0.1 | I16: =10664/60 -> 177.73333 | J16: 0.1 | K16: =8323/60 -> 138.71667 | L16: =((K16/150*100%)*10%) -> 0.092477778 | M16: 132 | N16: =((M16/150*100%)*10%) -> 0.088 | O16: 135 | P16: =((O16/150*100%)*10%) -> 0.09 | Q16: 143 | R16: =((Q16/150*100%)*10%) -> 0.095333333 | S16: =7131/60 -> 118.85 | T16: =((S16/150*100%)*10%) -> 0.079233333 | U16: =8196/60 -> 136.6 | V16: =((U16/150*100%)*10%) -> 0.091066667 | W16: =10895/60 -> 181.58333 | X16: =((W16/150*100%)*10%) -> 0.12105556 | Y16: =6858/60 -> 114.3 | Z16: =((Y16/150*100%)*10%) -> 0.0762 | AA16: =9028/60 -> 150.46667 | AB16: =((AA16/150*100%)*10%) -> 0.10031111 | AD16: =((AC16/150*100%)*10%) -> 0
E17: - Hari efektif | F17: 0.05 | G17: 24 | H17: 0.05 | I17: 24 | J17: 0.05 | K17: 23 | L17: =((23/24*100%)*5%) -> 0.047916667 | M17: 21 | N17: =((M17/23*100%)*5%) -> 0.045652174 | O17: 24 | P17: =((O17/24*100%)*5%) -> 0.05 | Q17: 22 | R17: =((Q17/23*100%)*5%) -> 0.047826087 | S17: 23 | T17: =((S17/24*100%)*5%) -> 0.047916667 | U17: 24 | V17: =((U17/24*100%)*5%) -> 0.05 | W17: 24 | X17: =((W17/24*100%)*5%) -> 0.05 | Y17: 21 | Z17: =((Y17/24*100%)*5%) -> 0.04375 | AA17: 25 | AB17: =((AA17/24*100%)*5%) -> 0.052083333 | AD17: =((AC17/24*100%)*5%) -> 0
B18: Total | F18: =SUM(F5:F17) -> 1 | H18: =SUM(H5:H17) -> 0.792 | J18: =SUM(J5:J17) -> 0.742 | L18: =SUM(L5:L17) -> 0.71272778 | N18: =SUM(N5:N17) -> 0.86165217 | P18: =SUM(P5:P17) -> 0.86533333 | R18: =SUM(R5:R17) -> 0.91315942 | T18: =SUM(T5:T17) -> 0.72781667 | V18: =SUM(V5:V17) -> 0.84173333 | X18: =SUM(X5:X17) -> 0.82438889 | Z18: =SUM(Z5:Z17) -> 0.84928333 | AB18: =SUM(AB5:AB17) -> 0.78239444 | AD18: =SUM(AD5:AD17) -> 0

Sheet Mahrus
B3: No | C3: Kategori Penilaian | D3: Sub penilaian | E3: Indikator Penilaian | F3: Bobot | G3: Jan | I3: Feb | K3: Mar | M3: Apr | O3: May | Q3: June | S3: Juli | U3: Agustus | W3: September | Y3: Oktober | AA3: November | AC3: Desember
G4: Keterangan | H4: Persentase | I4: Keterangan | J4: Persentase | K4: Keterangan | L4: Persentase | M4: Keterangan | N4: Persentase | O4: Keterangan | P4: Persentase | Q4: Keterangan | R4: Persentase | S4: Keterangan | T4: Persentase | U4: Keterangan | V4: Persentase | W4: Keterangan | X4: Persentase | Y4: Keterangan | Z4: Persentase | AA4: Keterangan | AB4: Persentase | AC4: Keterangan | AD4: Persentase
B5: 1 | C5: Kedisiplinan | D5: Administrasi | E5: - Check In & Out Laporan pelayanan tidak sesuai dengan jadwal | F5: 0.05 | G5: 7 | H5: 0 | I5: 4 | J5: 0.05 | K5: 13 | L5: 0 | M5: 11 | N5: 0 | O5: 5 | P5: 0 | Q5: 1 | R5: 0 | S5: 0 | T5: 0.05 | U5: 0 | V5: 0.05 | W5: 0 | X5: 0.05 | Y5: 0 | Z5: 0.05 | AA5: 0 | AB5: 0.05 | AD5: 0
E6: - Ketepatan Pengisian administrasi (Laporan pelayanan & checklist) tidak lengkap meliputi keterangan area, jenis & hasil treatment, pemakaian chemical, dokumentasi pengerjaan, serta rekomendasi (apabila ada) | F6: 0.05 | G6: Tidak ada foto | H6: 0 | I6: 6 | J6: 0 | K6: 1 | L6: 0 | M6: 0 | N6: 0.05 | O6: 0 | P6: 0.05 | Q6: 0 | R6: 0.05 | S6: 0 | T6: 0.05 | U6: 0 | V6: 0.05 | W6: 0 | X6: 0.05 | Y6: 0 | Z6: 0.05 | AA6: 0 | AB6: 0.05 | AD6: 0
D7: Waktu | E7: - Tidak datang terlambat saat melakukan kunjungan ke client baik treatment maupun follow up | F7: 0.05 | G7: 22 | H7: 0 | I7: 22 | J7: 0 | K7: 16 | L7: 0 | M7: 22 | N7: 0 | O7: 12 | P7: 0 | Q7: 24 | R7: 0 | S7: 15 | T7: 0 | U7: 11 | V7: 0 | W7: 0 | X7: 0.05 | Y7: 0 | Z7: 0.05 | AA7: 0 | AB7: 0.05 | AD7: 0 | AE7: =SUM(G7,I7,K7,M7,O7,Q7,S7,U7,W7,Y7,AA7) -> 144
E8: - Tidak melakukan cancel treatment pada client | F8: 0.05 | G8: 1 ( ayam goreng, reschedule karena kesiangan) | H8: 0 | I8: 0 | J8: 0.05 | K8: 3 client tgl 12 (Bu Lyla, Bu diana, Bu Grace) | L8: 0 | M8: 0 | N8: 0.05 | O8: 0 | P8: 0.05 | Q8: 4 Juni bu lila rescedule kesiangan | R8: 0 | S8: 0 | T8: 0.05 | U8: 0 | V8: 0.05 | W8: 0 | X8: 0.05 | Y8: 0 | Z8: 0.05 | AA8: 0 | AB8: 0.05 | AD8: 0
E9: - Tidak izin mendadak (kurang dari 24 jam dari jadwal) | F9: 0.05 | G9: 0 | H9: 0.05 | I9: 0 | J9: 0.05 | K9: 1 hari tidak ada kabar | L9: 0 | M9: 0 | N9: 0.05 | O9: 0 | P9: 0.05 | Q9: 0 | R9: 0.05 | S9: 1 hari tidak ada kabar (3 Juli) | T9: 0 | U9: 0 | V9: 0.05 | W9: 0 | X9: 0.05 | Y9: 0 | Z9: 0.05 | AA9: 0 | AB9: 0.05 | AD9: 0
D10: Kinerja | E10: - Penilaian Tim QC | F10: 0.05 | G10: 3.5 | H10: 0.035 | I10: 4 | J10: 0.04 | K10: 3.5 | L10: 0.04 | M10: 4 | N10: 0.04 | O10: 4 | P10: 0.04 | Q10: 4 | R10: 0.04 | S10: 4 | T10: 0.04 | U10: 4 | V10: 0.04 | W10: 4 | X10: 0.04 | Y10: 4 | Z10: 0.04 | AA10: 4 | AB10: 0.04 | AD10: 0
E11: - melaksanakan arahan SPV sesuai dengan yang diperintahkan | F11: 0.05 | G11: 4.6 | H11: 0.046 | I11: 4.6 | J11: 0.046 | K11: 4.6 | L11: 0.046 | M11: 4.6 | N11: 0.046 | O11: 4.6 | P11: 0.046 | Q11: 4.6 | R11: 0.046 | S11: 4.6 | T11: 0.046 | U11: 4.6 | V11: 0.046 | W11: 4.6 | X11: 0.046 | Y11: 4.6 | Z11: 0.046 | AA11: 4.6 | AB11: 0.046 | AD11: 0
B12: 2 | C12: Complain | E12: - Frekuensi client complain major dalam 1 bulan | F12: 0.1 | G12: 0 | H12: 0.1 | I12: 0 | J12: 0.1 | K12: 0 | L12: 0.1 | M12: Amaris EM (1) | N12: 0 | O12: 0 | P12: 0.1 | Q12: 0 | R12: 0.1 | T12: 0 | V12: 0 | X12: 0 | Z12: 0 | AB12: 0 | AD12: 0
E13: - Responsibility teknisi dalam penanganan complain | F13: 0.1 | G13: 2 (Kwang Tung Waspada-4, Nailistic - 3) | H13: 0.1 | I13: 0 | J13: 0.1 | K13: 0 | L13: 0.1 | M13: 1 | N13: 0.1 | O13: 1 | P13: 0.1 | Q13: 2 | R13: 0.1 | S13: 3 | T13: 0 | U13: 0 | V13: 0.1 | W13: 0 | X13: 0.1 | Y13: 0 | Z13: 0.1 | AA13: 0 | AB13: 0.1 | AD13: 0
B14: 3 | C14: Grooming | E14: - Selalu berpenampilan rapi (seragam, sepatu) serta memotong rapi rambut, kuku kumis, jenggot. - Menggunakan APD lengkap saat treatment | F14: 0.1 | G14: Berkumis, kuku panjang, tidak memakai topi | H14: 0 | I14: Kuku panjang, berkumis rambut tidak rapi | J14: 0 | K14: Rambut, kuku | L14: 0 | M14: kurang rapi dari grooming | N14: 0 | O14: kurang rapi dari grooming | P14: 0 | Q14: kurang rapi dari grooming | R14: 0 | S14: 0 | T14: kurang rapi dari grooming | U14: 0 | V14: kurang rapi dari grooming | W14: 0 | X14: kurang rapi dari grooming | Y14: 0 | Z14: kurang rapi dari grooming | AA14: 0 | AB14: kurang rapi dari grooming | AD14: 0
B15: 4 | C15: Kunjungan | E15: - Jumlah kunjungan (100%) | F15: 0.2 | G15: 71 | H15: =((G15/100*100%)*20%) -> 0.142 | I15: 72 | J15: =((I15/100*100%)*20%) -> 0.144 | K15: 68 | L15: =((K15/100*100%)*20%) -> 0.136 | M15: 66 | N15: =((M15/75*100%)*20%) -> 0.176 | O15: 61 | P15: =((O15/75*100%)*20%) -> 0.16266667 | Q15: 74 | R15: =((Q15/75*100%)*20%) -> 0.19733333 | S15: 59 | T15: =((S15/75*100%)*20%) -> 0.15733333 | U15: 68 | V15: =((U15/75*100%)*20%) -> 0.18133333 | W15: 57 | X15: =((W15/75*100%)*20%) -> 0.152 | Y15: 64 | Z15: =((Y15/75*100%)*20%) -> 0.17066667 | AA15: 67 | AB15: =((AA15/75*100%)*20%) -> 0.17866667 | AD15: =((AC15/75*100%)*20%) -> 0
E16: - Jumlah jam kunjungan (150 Jam / 9000 Menit) | F16: 0.1 | G16: =7147/60 -> 119.11667 | H16: =((G16/150*100%)*10%) -> 0.079411111 | I16: =8119/60 -> 135.31667 | J16: =((I16/150*100%)*10%) -> 0.090211111 | K16: =7806/60 -> 130.1 | L16: =((K16/150*100%)*10%) -> 0.086733333 | M16: 130 | N16: =((M16/150*100%)*10%) -> 0.086666667 | O16: 111 | P16: =((O16/150*100%)*10%) -> 0.074 | Q16: 138 | R16: =((Q16/150*100%)*10%) -> 0.092 | S16: =7083/60 -> 118.05 | T16: =((S16/150*100%)*10%) -> 0.0787 | U16: =8267/60 -> 137.78333 | V16: =((U16/150*100%)*10%) -> 0.091855556 | W16: =5923/60 -> 98.716667 | X16: =((W16/150*100%)*10%) -> 0.065811111 | Y16: =7454/60 -> 124.23333 | Z16: =((Y16/150*100%)*10%) -> 0.082822222 | AA16: =7002/60 -> 116.7 | AB16: =((AA16/150*100%)*10%) -> 0.0778 | AD16: =((AC16/150*100%)*10%) -> 0
E17: - Hari efektif | F17: 0.05 | G17: 24 | H17: 0.05 | I17: 23 | J17: 0.046 | K17: 21 | L17: =((21/24*100%)*5%) -> 0.04375 | M17: 20 | N17: =((M17/23*100%)*5%) -> 0.043478261 | O17: 22 | P17: =((O17/22*100%)*5%) -> 0.05 | Q17: 22 | R17: =((Q17/23*100%)*5%) -> 0.047826087 | S17: 22 | T17: =((S17/24*100%)*5%) -> 0.045833333 | U17: 25 | V17: =((U17/24*100%)*5%) -> 0.052083333 | W17: 23 | X17: =((W17/24*100%)*5%) -> 0.047916667 | Y17: 24 | Z17: =((Y17/24*100%)*5%) -> 0.05 | AA17: 23 | AB17: =((AA17/24*100%)*5%) -> 0.047916667 | AD17: =((AC17/24*100%)*5%) -> 0
B18: Total | F18: =SUM(F5:F17) -> 1 | H18: =SUM(H5:H17) -> 0.60241111 | J18: =SUM(J5:J17) -> 0.71621111 | L18: =SUM(L5:L17) -> 0.55248333 | N18: =SUM(N5:N17) -> 0.64214493 | P18: =SUM(P5:P17) -> 0.72266667 | R18: =SUM(R5:R17) -> 0.72315942 | T18: =SUM(T5:T17) -> 0.51786667 | V18: =SUM(V5:V17) -> 0.71127222 | X18: =SUM(X5:X17) -> 0.70172778 | Z18: =SUM(Z5:Z17) -> 0.73948889 | AB18: =SUM(AB5:AB17) -> 0.74038333 | AD18: =SUM(AD5:AD17) -> 0

Sheet Lucky
B3: No | C3: Kategori Penilaian | D3: Sub penilaian | E3: Indikator Penilaian | F3: Bobot | G3: Jan | I3: Feb | K3: Mar | M3: Apr | O3: May | Q3: June | S3: Juli | U3: Agustus | W3: September | Y3: Oktober | AA3: November | AC3: Desember
G4: Keterangan | H4: Persentase | I4: Keterangan | J4: Persentase | K4: Keterangan | L4: Persentase | M4: Keterangan | N4: Persentase | O4: Keterangan | P4: Persentase | Q4: Keterangan | R4: Persentase | S4: Keterangan | T4: Persentase | U4: Keterangan | V4: Persentase | W4: Keterangan | X4: Persentase | Y4: Keterangan | Z4: Persentase | AA4: Keterangan | AB4: Persentase | AC4: Keterangan | AD4: Persentase
B5: 1 | C5: Kedisiplinan | D5: Administrasi | E5: - Check In & Out Laporan pelayanan tidak sesuai dengan jadwal | F5: 0.05 | G5: Check in tidak di area | H5: 0 | I5: In tidak di tempat | J5: 0 | K5: 11 | L5: 0 | M5: 2 | N5: 0 | O5: 6 | P5: 0 | Q5: 0 | R5: 0.05 | S5: 0 | T5: 0.05 | U5: 0 | V5: 0.05 | W5: 0 | X5: 0.05 | Y5: 0 | Z5: 0.05 | AA5: 0 | AB5: 0.05 | AD5: 0
E6: - Ketepatan Pengisian administrasi (Laporan pelayanan & checklist) tidak lengkap meliputi keterangan area, jenis & hasil treatment, pemakaian chemical, dokumentasi pengerjaan, serta rekomendasi (apabila ada) | F6: 0.05 | G6: 4 (Cikal 18 & 25) | H6: 0.05 | I6: 8 cikal | J6: 0 | K6: 9 | L6: 0 | M6: Cikal (8) | N6: 0 | O6: Cikal (8) | P6: 0 | Q6: Cikal (8) | R6: 0 | S6: Cikal (8) | T6: 0 | U6: Cikal (8) | V6: 0 | W6: Cikal (8) | X6: 0 | Y6: Cikal (8) | Z6: 0 | AA6: Cikal (8) | AB6: 0 | AD6: 0
D7: Waktu | E7: - Tidak datang terlambat saat melakukan kunjungan ke client baik treatment maupun follow up | F7: 0.05 | G7: 20 | H7: 0 | I7: 3 | J7: 0.05 | K7: 14 | L7: 0 | M7: 5 | N7: 0.05 | O7: 7 | P7: 0 | Q7: 1 | R7: 0.05 | S7: 3 | T7: 0.05 | U7: 2 | V7: 0 | W7: 0 | X7: 0.05 | Y7: 0 | Z7: 0.05 | AA7: 0 | AB7: 0.05 | AD7: 0 | AE7: =SUM(G7,I7,K7,M7,O7,Q7,S7,U7,W7,Y7,AA7) -> 55
E8: - Tidak melakukan cancel treatment pada client | F8: 0.05 | G8: 0 | H8: 0.05 | I8: 0 | J8: 0.05 | K8: 0 | L8: 0.05 | M8: 0 | N8: 0.05 | O8: 0 | P8: 0.05 | Q8: 0 | R8: 0.05 | S8: 0 | T8: 0.05 | U8: 0 | V8: 0.05 | W8: 0 | X8: 0.05 | Y8: 0 | Z8: 0.05 | AA8: 0 | AB8: 0.05 | AD8: 0
E9: - Tidak izin mendadak (kurang dari 24 jam dari jadwal) | F9: 0.05 | G9: 0 | H9: 0.05 | I9: 0 | J9: 0.05 | K9: 0 | L9: 0.05 | M9: 0 | N9: 0.05 | O9: 0 | P9: 0.05 | Q9: 0 | R9: 0.05 | S9: 0 | T9: 0.05 | U9: 0 | V9: 0.05 | W9: 0 | X9: 0.05 | Y9: 0 | Z9: 0.05 | AA9: 0 | AB9: 0.05 | AD9: 0
D10: Kinerja | E10: - Penilaian Tim QC | F10: 0.05 | G10: 3 | H10: 0.03 | I10: 4 | J10: 0.04 | K10: 4 | L10: 0.04 | M10: 4.5 | N10: 0.045 | O10: 4.5 | P10: 0.045 | Q10: 4.5 | R10: 0.045 | S10: 4.5 | T10: 0.045 | U10: 4.5 | V10: 0.045 | W10: 4.5 | X10: 0.045 | Y10: 4.5 | Z10: 0.045 | AA10: 4.5 | AB10: 0.045 | AD10: 0
E11: - melaksanakan arahan SPV sesuai dengan yang diperintahkan | F11: 0.05 | G11: 4.6 | H11: 0.046 | I11: 4.6 | J11: 0.046 | K11: 4.6 | L11: 0.046 | M11: 4.6 | N11: 0.046 | O11: 4.6 | P11: 0.046 | Q11: 4.6 | R11: 0.046 | S11: 4.6 | T11: 0.046 | U11: 4.6 | V11: 0.046 | W11: 4.6 | X11: 0.046 | Y11: 4.6 | Z11: 0.046 | AA11: 4.6 | AB11: 0.046 | AD11: 0
B12: 2 | C12: Complain | E12: - Frekuensi client complain major dalam 1 bulan | F12: 0.1 | G12: 0 | H12: 0.1 | I12: 0 | J12: 0.1 | K12: 0 | L12: 0.1 | M12: Santika (1) | N12: 0 | O12: 0 | P12: 0.1 | Q12: 0 | R12: 0.1 | S12: 0 | T12: 0.1 | U12: 0 | V12: 0.1 | W12: 2 | X12: 0 | Y12: 0 | Z12: 0.1 | AA12: 0 | AB12: 0.1 | AD12: 0
E13: - Responsibility teknisi dalam penanganan complain | F13: 0.1 | G13: 0 | H13: 0.1 | I13: 0 | J13: 0.1 | K13: 0 | L13: 0.1 | M13: 0 | N13: 0.1 | O13: 0 | P13: 0.1 | Q13: 0 | R13: 0.1 | S13: 1 | T13: 0.1 | U13: 3 | V13: 0 | W13: 2 | X13: 0.1 | Y13: 0 | Z13: 0.1 | AA13: 2 | AB13: 0.1 | AD13: 0
B14: 3 | C14: Grooming | E14: - Selalu berpenampilan rapi (seragam, sepatu) serta memotong rapi rambut, kuku kumis, jenggot. - Menggunakan APD lengkap saat treatment | F14: 0.1 | G14: Tidak memakai sarung tangan | H14: 0 | I14: Tidak memakai sarung tangan | J14: 0 | K14: Apd tidak lengkap, tidak ada sarung tangan | L14: 0 | M14: Ya | N14: 0.1 | O14: Ya | P14: 0.1 | Q14: Ya | R14: 0.1 | S14: Ya | T14: 0.1 | U14: Ya | V14: 0.1 | W14: Ya | X14: 0.1 | Y14: Ya | Z14: 0.1 | AA14: Ya | AB14: 0.1 | AD14: 0
B15: 4 | C15: Kunjungan | E15: - Jumlah kunjungan (100%) | F15: 0.2 | G15: 70 | H15: =((G15/75*100%)*20%) -> 0.18666667 | I15: 64 | J15: =((I15/75*100%)*20%) -> 0.17066667 | K15: 72 | L15: =((K15/75*100%)*20%) -> 0.192 | M15: 65 | N15: =((M15/75*100%)*20%) -> 0.17333333 | O15: 70 | P15: =((O15/75*100%)*20%) -> 0.18666667 | Q15: 62 | R15: =((Q15/75*100%)*20%) -> 0.16533333 | S15: 70 | T15: =((S15/75*100%)*20%) -> 0.18666667 | U15: 52 | V15: =((U15/75*100%)*20%) -> 0.13866667 | W15: 59 | X15: =((W15/75*100%)*20%) -> 0.15733333 | Y15: 71 | Z15: =((Y15/75*100%)*20%) -> 0.18933333 | AA15: 61 | AB15: =((AA15/75*100%)*20%) -> 0.16266667 | AD15: =((AC15/75*100%)*20%) -> 0
E16: - Jumlah jam kunjungan (150 Jam / 9000 Menit) | F16: 0.1 | G16: =8447/60 -> 140.78333 | H16: =((G16/150*100%)*10%) -> 0.093855556 | I16: =7355/60 -> 122.58333 | J16: =((I16/150*100%)*10%) -> 0.081722222 | K16: =8570/60 -> 142.83333 | L16: =((K16/150*100%)*10%) -> 0.095222222 | M16: 186 | N16: 0.1 | O16: 140 | P16: =((O16/150*100%)*10%) -> 0.093333333 | Q16: 127 | R16: =((Q16/150*100%)*10%) -> 0.084666667 | S16: =8516/60 -> 141.93333 | T16: =((S16/150*100%)*10%) -> 0.094622222 | U16: =7281/60 -> 121.35 | V16: =((U16/150*100%)*10%) -> 0.0809 | W16: =6483/60 -> 108.05 | X16: =((W16/150*100%)*10%) -> 0.072033333 | Y16: =9467/60 -> 157.78333 | Z16: =((Y16/150*100%)*10%) -> 0.10518889 | AA16: =9191/60 -> 153.18333 | AB16: =((AA16/150*100%)*10%) -> 0.10212222 | AD16: =((AC16/150*100%)*10%) -> 0
E17: - Hari efektif | F17: 0.05 | G17: 24 | H17: 0.05 | I17: 23 | J17: 0.046 | K17: 24 | L17: =((24/24*100%)*5%) -> 0.05 | M17: 21 | N17: =((M17/24*100%)*5%) -> 0.04375 | O17: 23 | P17: =((O17/23*100%)*5%) -> 0.05 | Q17: 22 | R17: =((Q17/23*100%)*5%) -> 0.047826087 | S17: 26 | T17: =((S17/24*100%)*5%) -> 0.054166667 | U17: 22 | V17: =((U17/24*100%)*5%) -> 0.045833333 | W17: 23 | X17: =((W17/24*100%)*5%) -> 0.047916667 | Y17: 26 | Z17: =((Y17/24*100%)*5%) -> 0.054166667 | AA17: 22 | AB17: =((AA17/24*100%)*5%) -> 0.045833333 | AD17: =((AC17/24*100%)*5%) -> 0
B18: Total | F18: =SUM(F5:F17) -> 1 | H18: =SUM(H5:H17) -> 0.75652222 | J18: =SUM(J5:J17) -> 0.73438889 | L18: =SUM(L5:L17) -> 0.72322222 | N18: =SUM(N5:N17) -> 0.75808333 | P18: =SUM(P5:P17) -> 0.821 | R18: =SUM(R5:R17) -> 0.88882609 | T18: =SUM(T5:T17) -> 0.92645556 | V18: =SUM(V5:V17) -> 0.7064 | X18: =SUM(X5:X17) -> 0.76828333 | Z18: =SUM(Z5:Z17) -> 0.93968889 | AB18: =SUM(AB5:AB17) -> 0.90162222 | AD18: =SUM(AD5:AD17) -> 0

Sheet Andik
B1: Nama Teknisi | C1: : Andik Noroyan
B2: SPV | C2: Badrul Komar
B4: No | C4: Kategori Penilaian | D4: Sub penilaian | E4: Indikator Penilaian | F4: Bobot | G4: Jan | I4: Feb | K4: Mar | M4: Apr | O4: May | Q4: June | S4: Juli | U4: Agustus | W4: September | Y4: Oktober | AA4: November | AC4: Desember
G5: Keterangan | H5: Persentase | I5: Keterangan | J5: Persentase | K5: Keterangan | L5: Persentase | M5: Keterangan | N5: Persentase | O5: Keterangan | P5: Persentase | Q5: Keterangan | R5: Persentase | S5: Keterangan | T5: Persentase | U5: Keterangan | V5: Persentase | W5: Keterangan | X5: Persentase | Y5: Keterangan | Z5: Persentase | AA5: Keterangan | AB5: Persentase | AC5: Keterangan | AD5: Persentase
B6: 1 | C6: Kedisiplinan | D6: Administrasi | E6: - Check In & Out Laporan pelayanan tidak sesuai dengan jadwal | F6: 0.05 | G6: 0 | H6: 0.05 | I6: 0 | J6: 0.05 | K6: 0 | L6: 0.05 | M6: 0 | N6: 0.05 | O6: 0 | P6: 0.05 | Q6: 0 | R6: 0.05 | S6: 0 | T6: 0.05 | U6: 0 | V6: 0.05 | W6: 0 | X6: 0.05 | Y6: 0 | Z6: 0.05 | AA6: 0 | AB6: 0.05 | AD6: 0
E7: - Ketepatan Pengisian administrasi (Laporan pelayanan & checklist) tidak lengkap meliputi keterangan area, jenis & hasil treatment, pemakaian chemical, dokumentasi pengerjaan, serta rekomendasi (apabila ada) | F7: 0.05 | G7: 88 EM ( lapel tidak ada tangkapan pelayanan) | H7: 0 | I7: 5 | J7: 0 | K7: 8 (88EM room dan tangkapan) | L7: 0 | M7: 8 (88EM room dan tangkapan) | N7: 0 | O7: 8 (88EM room dan tangkapan) | P7: 0 | Q7: 8 (88EM room dan tangkapan) | R7: 0 | S7: 0 | T7: 0.05 | U7: 0 | V7: 0.05 | W7: 0 | X7: 0.05 | Y7: 0 | Z7: 0.05 | AA7: 0 | AB7: 0.05
D8: Waktu | E8: - Tidak datang terlambat saat melakukan kunjungan ke client baik treatment maupun follow up | F8: 0.05 | G8: 0 | H8: 0.05 | I8: 4 | J8: 0.05 | K8: 4 | L8: 0 | M8: 5 | N8: 0.05 | O8: 5 | P8: 0.05 | Q8: 6 | R8: 0.05 | S8: 3 | T8: 0.05 | U8: 4 | V8: 0.05 | W8: 0 | X8: 0.05 | Y8: 0 | Z8: 0.05 | AA8: 0 | AB8: 0.05 | AD8: 0 | AE8: =SUM(G8,I8,K8,M8,O8,Q8,S8,U8,W8,Y8,AA8) -> 31
E9: - Tidak melakukan cancel treatment pada client | F9: 0.05 | G9: 0 | H9: 0.05 | I9: 0 | J9: 0.05 | K9: 0 | L9: 0.05 | M9: 0 | N9: 0.05 | O9: 0 | P9: 0.05 | Q9: 0 | R9: 0.05 | S9: 0 | T9: 0.05 | U9: 0 | V9: 0.05 | W9: 0 | X9: 0.05 | Y9: 0 | Z9: 0.05 | AA9: 0 | AB9: 0.05 | AD9: 0
E10: - Tidak izin mendadak (kurang dari 24 jam dari jadwal) | F10: 0.05 | G10: 0 | H10: 0.05 | I10: 0 | J10: 0.05 | K10: 0 | L10: 0.05 | M10: 0 | N10: 0.05 | O10: 0 | P10: 0.05 | Q10: 0 | R10: 0.05 | S10: 0 | T10: 0.05 | U10: 0 | V10: 0.05 | W10: 0 | X10: 0.05 | Y10: 0 | Z10: 0.05 | AA10: 0 | AB10: 0.05 | AD10: 0
D11: Kinerja | E11: - Penilaian Tim QC | F11: 0.05 | G11: 4 | H11: 0.04 | I11: 4 | J11: 0.04 | K11: 4 | L11: 0.04 | M11: 4.5 | N11: 0.045 | O11: 4.5 | P11: 0.045 | Q11: 4.5 | R11: 0.045 | S11: 4 | T11: 0.04 | U11: 4 | V11: 0.04 | W11: 4 | X11: 0.04 | Y11: 4 | Z11: 0.04 | AA11: 4 | AB11: 0.04 | AD11: 0
E12: - melaksanakan arahan SPV sesuai dengan yang diperintahkan | F12: 0.05 | G12: 4.6 | H12: 0.046 | I12: 4.6 | J12: 0.046 | K12: 4.6 | L12: 0.046 | M12: 4.3 | N12: 0.043 | O12: 4.3 | P12: 0.043 | Q12: 4.3 | R12: 0.043 | S12: 4.3 | T12: 0.043 | U12: 4.3 | V12: 0.043 | W12: 4.3 | X12: 0.043 | Y12: 4.3 | Z12: 0.043 | AA12: 4.3 | AB12: 0.043 | AD12: 0
B13: 2 | C13: Complain | E13: - Frekuensi client complain major dalam 1 bulan | F13: 0.1 | G13: 2 (Kwang tung, CV Manna SBY) | H13: 0 | I13: 0 | J13: 0.1 | K13: 0 | L13: 0.1 | M13: 0 | N13: 0.1 | O13: 0 | P13: 0.1 | Q13: Tanamera Truno (1) | R13: 0 | S13: 2 | T13: 0 | U13: 0 | V13: 0.1 | W13: 0 | X13: 0.1 | Y13: 0 | Z13: 0.1 | AA13: 1 | AB13: 0 | AD13: 0
E14: - Responsibility teknisi dalam penanganan complain | F14: 0.1 | G14: Alura - 4 | H14: 0.1 | I14: 0 | J14: 0.1 | K14: 0 | L14: 0.1 | M14: 4 | N14: 0.1 | O14: 1 | P14: 0.1 | Q14: 1 | R14: 0.1 | S14: 1 | T14: 0.1 | U14: 2 | V14: 0.1 | W14: 1 | X14: 0.1 | Y14: 0 | Z14: 0.1 | AA14: 0 | AB14: 0.1 | AD14: 0
B15: 3 | C15: Grooming | E15: - Selalu berpenampilan rapi (seragam, sepatu) serta memotong rapi rambut, kuku kumis, jenggot. - Menggunakan APD lengkap saat treatment | F15: 0.1 | G15: Kuku panjang | H15: 0 | I15: Lengkap | J15: 0.1 | K15: Ya | L15: 0.1 | M15: Ya | N15: 0.1 | O15: Ya | P15: 0.1 | Q15: Ya | R15: 0.1 | S15: Ya | T15: 0.1 | U15: Ya | V15: 0.1 | W15: Ya | X15: 0.1 | Y15: Ya | Z15: 0.1 | AA15: Ya | AB15: 0.1 | AD15: 0
B16: 4 | C16: Kunjungan | E16: - Jumlah kunjungan (100%) | F16: 0.2 | G16: 75 | H16: =((G16/100*100%)*20%) -> 0.15 | I16: 76 | J16: =((I16/100*100%)*20%) -> 0.152 | K16: 62 | L16: =((K16/100*100%)*20%) -> 0.124 | M16: 48 | N16: =((M16/75*100%)*20%) -> 0.128 | O16: 74 | P16: =((O16/75*100%)*20%) -> 0.19733333 | Q16: 64 | R16: =((Q16/75*100%)*20%) -> 0.17066667 | S16: 69 | T16: =((S16/75*100%)*20%) -> 0.184 | U16: 75 | V16: =((U16/75*100%)*20%) -> 0.2 | W16: 58 | X16: =((W16/75*100%)*20%) -> 0.15466667 | Y16: 69 | Z16: =((Y16/75*100%)*20%) -> 0.184 | AA16: 73 | AB16: =((AA16/75*100%)*20%) -> 0.19466667 | AD16: =((AC16/75*100%)*20%) -> 0
E17: - Jumlah jam kunjungan (150 Jam / 9000 Menit) | F17: 0.1 | G17: =6631/60 -> 110.51667 | H17: =((G17/150*100%)*10%) -> 0.073677778 | I17: =6861/60 -> 114.35 | J17: =((I17/150*100%)*10%) -> 0.076233333 | K17: =5626/60 -> 93.766667 | L17: =((K17/150*100%)*10%) -> 0.062511111 | M17: 79 | N17: =((M17/150*100%)*10%) -> 0.052666667 | O17: 118 | P17: =((O17/150*100%)*10%) -> 0.078666667 | Q17: 109 | R17: =((Q17/150*100%)*10%) -> 0.072666667 | S17: 110.55 | T17: =((S17/150*100%)*10%) -> 0.0737 | U17: =7653/60 -> 127.55 | V17: =((U17/150*100%)*10%) -> 0.085033333 | W17: =7626/60 -> 127.1 | X17: =((W17/150*100%)*10%) -> 0.084733333 | Y17: =7257/60 -> 120.95 | Z17: =((Y17/150*100%)*10%) -> 0.080633333 | AA17: =7791/60 -> 129.85 | AB17: =((AA17/150*100%)*10%) -> 0.086566667 | AD17: =((AC17/24*100%)*5%) -> 0
E18: - Hari efektif | F18: 0.05 | G18: 25 | H18: 0.05 | I18: 26 | J18: 0.05 | K18: 23 | L18: =((23/24*100%)*5%) -> 0.047916667 | M18: 17 | N18: =((M18/23*100%)*5%) -> 0.036956522 | O18: 24 | P18: =((O18/24*100%)*5%) -> 0.05 | Q18: 22 | R18: =((Q18/23*100%)*5%) -> 0.047826087 | S18: 25 | T18: =((S18/24*100%)*5%) -> 0.052083333 | U18: 26 | V18: =((U18/24*100%)*5%) -> 0.054166667 | W18: 23 | X18: =((W18/24*100%)*5%) -> 0.047916667 | Y18: 25 | Z18: =((Y18/24*100%)*5%) -> 0.052083333 | AA18: 25 | AB18: =((AA18/24*100%)*5%) -> 0.052083333 | AD18: =((AC18/24*100%)*5%) -> 0
B19: Total | F19: =SUM(F6:F18) -> 1 | H19: =SUM(H6:H18) -> 0.65967778 | J19: =SUM(J6:J18) -> 0.86423333 | L19: =SUM(L6:L18) -> 0.77042778 | N19: =SUM(N6:N18) -> 0.80562319 | P19: =SUM(P6:P18) -> 0.914 | R19: =SUM(R6:R18) -> 0.77915942 | T19: =SUM(T6:T18) -> 0.84278333 | V19: =SUM(V6:V18) -> 0.9722 | X19: =SUM(X6:X18) -> 0.92031667 | Z19: =SUM(Z6:Z18) -> 0.94971667 | AB19: =SUM(AB6:AB18) -> 0.86631667 | AD19: =SUM(AD6:AD18) -> 0
S22: 110.55

Sheet Abu
B3: No | C3: Kategori Penilaian | D3: Sub penilaian | E3: Indikator Penilaian | F3: Bobot | G3: Jan | I3: Feb | K3: Mar | M3: Apr | O3: May | Q3: June | S3: Juli | U3: Agustus | W3: September | Y3: Oktober | AA3: November | AC3: Desember
G4: Keterangan | H4: Persentase | I4: Keterangan | J4: Persentase | K4: Keterangan | L4: Persentase | M4: Keterangan | N4: Persentase | O4: Keterangan | P4: Persentase | Q4: Keterangan | R4: Persentase | S4: Keterangan | T4: Persentase | U4: Keterangan | V4: Persentase | W4: Keterangan | X4: Persentase | Y4: Keterangan | Z4: Persentase | AA4: Keterangan | AB4: Persentase | AC4: Keterangan | AD4: Persentase
B5: 1 | C5: Kedisiplinan | D5: Administrasi | E5: - Check In & Out Laporan pelayanan tidak sesuai dengan jadwal | F5: 0.05 | G5: Banyak yang check out tidak dilokasi | H5: 0 | I5: Out dirumah | J5: 0 | K5: 36 ( banyak yang out di rumah) | L5: 0 | M5: 4 | N5: 0 | O5: 4 | P5: 0 | Q5: 0 | R5: 0 | S5: 0 | T5: 0.05 | U5: 0 | V5: 0.05 | W5: 0 | X5: 0.05 | Y5: 0 | Z5: 0.05 | AA5: 0 | AB5: 0.05 | AD5: 0
E6: - Ketepatan Pengisian administrasi (Laporan pelayanan & checklist) tidak lengkap meliputi keterangan area, jenis & hasil treatment, pemakaian chemical, dokumentasi pengerjaan, serta rekomendasi (apabila ada) | F6: 0.05 | G6: 0 | H6: 0.05 | I6: 32 | J6: 0 | K6: 30 | L6: 0 | M6: 0 | N6: 0.05 | O6: 0 | P6: 0.05 | Q6: 0 | R6: 0.05 | S6: 0 | T6: 0.05 | U6: 0 | V6: 0.05 | W6: 0 | X6: 0.05 | Y6: 0 | Z6: 0.05 | AA6: 0 | AB6: 0.05 | AD6: 0
D7: Waktu | E7: - Tidak datang terlambat saat melakukan kunjungan ke client baik treatment maupun follow up | F7: 0.05 | G7: 3 | H7: 0 | I7: 7 | J7: 0 | K7: 10 | L7: 0 | M7: 2 | N7: 0.05 | O7: 2 | P7: 0.05 | Q7: 9 | R7: 0 | S7: 2 | T7: 0.05 | U7: 3 | V7: 0 | W7: 0 | X7: 0.05 | Y7: 0 | Z7: 0.05 | AA7: 0 | AB7: 0.05 | AD7: 0 | AE7: =SUM(G7,I7,K7,M7,O7,Q7,S7,U7,W7,Y7,AA7) -> 38
E8: - Tidak melakukan cancel treatment pada client | F8: 0.05 | G8: 0 | H8: 0.05 | I8: 1 mr lee | J8: 0 | K8: 2 | L8: 0 | M8: 0 | N8: 0.05 | O8: 0 | P8: 0.05 | Q8: 0 | R8: 0.05 | S8: 0 | T8: 0.05 | U8: 0 | V8: 0.05 | W8: 0 | X8: 0.05 | Y8: 0 | Z8: 0.05 | AA8: 0 | AB8: 0.05 | AD8: 0
E9: - Tidak izin mendadak (kurang dari 24 jam dari jadwal) | F9: 0.05 | G9: 0 | H9: 0.05 | I9: 0 | J9: 0.05 | K9: 1 hari | L9: 0 | M9: 0 | N9: 0.05 | O9: 0 | P9: 0.05 | Q9: 0 | R9: 0.05 | S9: 0 | T9: 0.05 | U9: 0 | V9: 0.05 | W9: 0 | X9: 0.05 | Y9: 0 | Z9: 0.05 | AA9: 0 | AB9: 0.05 | AD9: 0
D10: Kinerja | E10: - Penilaian Tim QC | F10: 0.05 | G10: 3 | H10: 0.03 | I10: 3 | J10: 0.03 | K10: 3 | L10: 0.03 | M10: 3.5 | N10: 0.035 | O10: 3.5 | P10: 0.035 | Q10: 3.5 | R10: 0.035 | S10: 4 | T10: 0.04 | U10: 4 | V10: 0.04 | W10: 4 | X10: 0.04 | Y10: 4 | Z10: 0.04 | AA10: 4 | AB10: 0.04 | AD10: 0
E11: - melaksanakan arahan SPV sesuai dengan yang diperintahkan | F11: 0.05 | G11: 3.6 | H11: 0.036 | I11: 3.6 | J11: 0.036 | K11: 3.6 | L11: 0.036 | M11: 4 | N11: 0.04 | O11: 4 | P11: 0.04 | Q11: 4 | R11: 0.04 | S11: 4 | T11: 0.04 | U11: 4 | V11: 0.04 | W11: 4 | X11: 0.04 | Y11: 4 | Z11: 0.04 | AA11: 4 | AB11: 0.04 | AD11: 0
B12: 2 | C12: Complain | E12: - Frekuensi client complain major dalam 1 bulan | F12: 0.1 | G12: 0 | H12: 0.1 | I12: 1 | J12: 0 | K12: 0 | L12: 0.1 | M12: 0 | N12: 0.1 | O12: 0 | P12: 0.1 | Q12: 0 | R12: 0.1 | S12: 0 | T12: 0.1 | U12: 0 | V12: 0.1 | W12: 0 | X12: 0.1 | Y12: 0 | Z12: 0.1 | AA12: 0 | AB12: 0.1 | AD12: 0.1
E13: - Responsibility teknisi dalam penanganan complain | F13: 0.1 | G13: 1 (duck king) | H13: 0.1 | I13: 0 | J13: 0.1 | K13: 0 | L13: 0.1 | M13: 0 | N13: 0.1 | O13: 1 | P13: 0.1 | Q13: 1 | R13: 0.1 | S13: 0 | T13: 0.1 | U13: 0 | V13: 0.1 | W13: 0 | X13: 0.1 | Y13: 0 | Z13: 0.1 | AA13: 0 | AB13: 0.1 | AD13: 0
B14: 3 | C14: Grooming | E14: - Selalu berpenampilan rapi (seragam, sepatu) serta memotong rapi rambut, kuku kumis, jenggot. - Menggunakan APD lengkap saat treatment | F14: 0.1 | G14: Sarung tangan | H14: 0 | I14: Sarung tangan | J14: 0 | K14: Kumis | L14: 0 | M14: Ya | N14: 0.1 | O14: Ya | P14: 0.1 | Q14: Ya | R14: 0.1 | S14: Apd tidak lengkap, tidak ada sarung tangan | T14: 0 | U14: Apd tidak lengkap, tidak ada sarung tangan | V14: 0 | W14: Apd tidak lengkap, tidak ada sarung tangan | X14: 0 | Y14: Apd tidak lengkap, tidak ada sarung tangan | Z14: 0 | AA14: Apd tidak lengkap, tidak ada sarung tangan | AB14: 0 | AD14: 0
B15: 4 | C15: Kunjungan | E15: - Jumlah kunjungan (100%) | F15: 0.2 | G15: 58 | H15: =((G15/100*100%)*20%) -> 0.116 | I15: 64 | J15: =((I15/100*100%)*20%) -> 0.128 | K15: 53 | L15: =((K15/100*100%)*20%) -> 0.106 | M15: 52 | N15: =((M15/75*100%)*20%) -> 0.13866667 | O15: 58 | P15: =((O15/75*100%)*20%) -> 0.15466667 | Q15: 60 | R15: =((Q15/75*100%)*20%) -> 0.16 | S15: 57 | T15: =((S15/75*100%)*20%) -> 0.152 | U15: 48 | V15: =((U15/75*100%)*20%) -> 0.128 | W15: 60 | X15: =((W15/75*100%)*20%) -> 0.16 | Y15: 47 | Z15: =((Y15/75*100%)*20%) -> 0.12533333 | AA15: 52 | AB15: =((AA15/75*100%)*20%) -> 0.13866667 | AD15: =((AC15/75*100%)*20%) -> 0
E16: - Jumlah jam kunjungan (150 Jam / 9000 Menit) | F16: 0.1 | G16: =9883/60 -> 164.71667 | H16: =((G16/150*100%)*10%) -> 0.10981111 | I16: =10306/60 -> 171.76667 | J16: =((I16/150*100%)*10%) -> 0.11451111 | K16: =9575/60 -> 159.58333 | L16: =((K16/150*100%)*10%) -> 0.10638889 | M16: 93 | N16: =((M16/150*100%)*10%) -> 0.062 | O16: 188 | P16: 0.1 | Q16: 158 | R16: 0.1 | S16: =10470/60 -> 174.5 | T16: =((S16/150*100%)*10%) -> 0.11633333 | U16: =7884/60 -> 131.4 | V16: =((U16/150*100%)*10%) -> 0.0876 | W16: =6783/60 -> 113.05 | X16: =((W16/150*100%)*10%) -> 0.075366667 | Y16: =8120/60 -> 135.33333 | Z16: =((Y16/150*100%)*10%) -> 0.090222222 | AA16: =8683/60 -> 144.71667 | AB16: =((AA16/150*100%)*10%) -> 0.096477778 | AD16: =((AC16/150*100%)*10%) -> 0
E17: - Hari efektif | F17: 0.05 | G17: 24 | H17: 0.05 | I17: 25 | J17: =((23/24*100%)*5%) -> 0.047916667 | K17: 23 | L17: =((23/24*100%)*5%) -> 0.047916667 | M17: 22 | N17: =((M17/24*100%)*5%) -> 0.045833333 | O17: 26 | P17: =((O17/26*100%)*5%) -> 0.05 | Q17: 23 | R17: =((Q17/23*100%)*5%) -> 0.05 | S17: 25 | T17: =((S17/24*100%)*5%) -> 0.052083333 | U17: 22 | V17: =((U17/24*100%)*5%) -> 0.045833333 | W17: 26 | X17: =((W17/24*100%)*5%) -> 0.054166667 | Y17: 22 | Z17: =((Y17/24*100%)*5%) -> 0.045833333 | AA17: 25 | AB17: =((AA17/24*100%)*5%) -> 0.052083333 | AD17: =((AC17/24*100%)*5%) -> 0
B18: Total | F18: =SUM(F5:F17) -> 1 | H18: =SUM(H5:H17) -> 0.69181111 | J18: =SUM(J5:J17) -> 0.50642778 | L18: =SUM(L5:L17) -> 0.52630556 | N18: =SUM(N5:N17) -> 0.8215 | P18: =SUM(P5:P17) -> 0.87966667 | R18: =SUM(R5:R17) -> 0.835 | T18: =SUM(T5:T17) -> 0.85041667 | V18: =SUM(V5:V17) -> 0.74143333 | X18: =SUM(X5:X17) -> 0.81953333 | Z18: =SUM(Z5:Z17) -> 0.79138889 | AB18: =SUM(AB5:AB17) -> 0.81722778 | AD18: =SUM(AD5:AD17) -> 0.1

Sheet Almas
B3: No | C3: Kategori Penilaian | D3: Sub penilaian | E3: Indikator Penilaian | F3: Bobot | G3: Mar | I3: Apr | K3: May | M3: June | O3: Juli | Q3: Agustus | S3: September | U3: Oktober | W3: November | Y3: Desember
G4: Keterangan | H4: Persentase | I4: Keterangan | J4: Persentase | K4: Keterangan | L4: Persentase | M4: Keterangan | N4: Persentase | O4: Keterangan | P4: Persentase | Q4: Keterangan | R4: Persentase | S4: Keterangan | T4: Persentase | U4: Keterangan | V4: Persentase | W4: Keterangan | X4: Persentase | Y4: Keterangan | Z4: Persentase
B5: 1 | C5: Kedisiplinan | D5: Administrasi | E5: - Check In & Out Laporan pelayanan tidak sesuai dengan jadwal | F5: 0.05 | G5: 31 | H5: 0 | I5: 12 | J5: 0 | K5: 0 | L5: 0 | M5: 0 | N5: 0 | O5: 0 | P5: 0.05 | Q5: 0 | R5: 0.05 | S5: 0 | T5: 0.05 | U5: 0 | V5: 0.05 | W5: 0 | X5: 0.05 | Z5: 0
E6: - Ketepatan Pengisian administrasi (Laporan pelayanan & checklist) tidak lengkap meliputi keterangan area, jenis & hasil treatment, pemakaian chemical, dokumentasi pengerjaan, serta rekomendasi (apabila ada) | F6: 0.05 | G6: 0 | H6: 0.05 | I6: 0 | J6: 0.05 | K6: 0 | L6: 0.05 | M6: 0 | N6: 0.05 | O6: 0 | P6: 0.05 | Q6: 0 | R6: 0.05 | S6: 0 | T6: 0.05 | U6: 0 | V6: 0.05 | W6: 0 | X6: 0.05 | Z6: 0
D7: Waktu | E7: - Tidak datang terlambat saat melakukan kunjungan ke client baik treatment maupun follow up | F7: 0.05 | G7: 16 | H7: 0 | I7: 16 | J7: 0 | K7: 15 | L7: 0 | M7: 15 | N7: 0 | O7: 12 | P7: 0 | Q7: 16 | R7: 0 | S7: 0 | T7: 0.05 | U7: 0 | V7: 0.05 | W7: 0 | X7: 0.05 | Z7: 0 | AA7: =SUM(C7,E7,G7,I7,K7,M7,O7,Q7,S7,U7,W7) -> 90
E8: - Tidak melakukan cancel treatment pada client | F8: 0.05 | G8: 0 | H8: 0.05 | I8: 0 | J8: 0.05 | K8: 0 | L8: 0.05 | M8: 0 | N8: 0.05 | O8: 0 | P8: 0.05 | Q8: 0 | R8: 0.05 | S8: 0 | T8: 0.05 | U8: 0 | V8: 0.05 | W8: 0 | X8: 0.05 | Z8: 0
E9: - Tidak izin mendadak (kurang dari 24 jam dari jadwal) | F9: 0.05 | G9: 0 | H9: 0.05 | I9: 0 | J9: 0.05 | K9: 0 | L9: 0.05 | M9: 0 | N9: 0.05 | O9: 0 | P9: 0.05 | Q9: 0 | R9: 0.05 | S9: 0 | T9: 0.05 | U9: 0 | V9: 0.05 | W9: 0 | X9: 0.05 | Z9: 0
D10: Kinerja | E10: - Penilaian Tim QC | F10: 0.05 | G10: 3 | H10: 0.03 | I10: 4 | J10: 0.04 | K10: 4 | L10: 0.04 | M10: 4 | N10: 0.04 | O10: 4 | P10: 0.04 | Q10: 4 | R10: 0.04 | S10: 4 | T10: 0.04 | U10: 4 | V10: 0.04 | W10: 4 | X10: 0.04
E11: - melaksanakan arahan SPV sesuai dengan yang diperintahkan | F11: 0.05 | G11: 3.3 | H11: 0.033 | I11: 3.6 | J11: 0.036 | K11: 3.6 | L11: 0.036 | M11: 3.6 | N11: 0.036 | O11: 4 | P11: 0.04 | Q11: 4 | R11: 0.04 | S11: 4 | T11: 0.04 | U11: 4 | V11: 0.04 | W11: 4 | X11: 0.04
B12: 2 | C12: Complain | E12: - Frekuensi client complain major dalam 1 bulan | F12: 0.1 | G12: 0 | H12: 0.1 | I12: RJS (1) | J12: 0 | K12: 0 | L12: 0.1 | M12: RJS (1) | N12: 0 | O12: 3 | P12: 0 | Q12: 1 | R12: 0 | S12: 1 | T12: 0 | U12: 0 | V12: 0.1 | W12: 0 | X12: 0.1 | Z12: 0
E13: - Responsibility teknisi dalam penanganan complain | F13: 0.1 | G13: 0 | H13: 0.1 | I13: 0 | J13: 0.1 | K13: 3 | L13: 0.1 | M13: 3 | N13: 0.1 | O13: 2 | P13: 0.1 | Q13: 1 | R13: 0.1 | S13: 0 | T13: 0.1 | U13: 0 | V13: 0.1 | W13: 0 | X13: 0.1 | Z13: 0
B14: 3 | C14: Grooming | E14: - Selalu berpenampilan rapi (seragam, sepatu) serta memotong rapi rambut, kuku kumis, jenggot. - Menggunakan APD lengkap saat treatment | F14: 0.1 | G14: Lengkap | H14: 0.1 | I14: Ya | J14: 0.1 | K14: Ya | L14: 0.1 | M14: Ya | N14: 0.1 | O14: Apd tidak lengkap, tidak ada sarung tangan | P14: 0 | Q14: Apd tidak lengkap, tidak ada sarung tangan | R14: 0 | S14: Apd tidak lengkap, tidak ada sarung tangan | T14: 0 | U14: Apd tidak lengkap, tidak ada sarung tangan | V14: 0 | W14: Apd tidak lengkap, tidak ada sarung tangan | X14: 0 | Z14: 0
B15: 4 | C15: Kunjungan | E15: - Jumlah kunjungan (100%) | F15: 0.2 | G15: 71 | H15: =((G15/100*100%)*20%) -> 0.142 | I15: 65 | J15: =((I15/75*100%)*20%) -> 0.17333333 | K15: 72 | L15: =((K15/75*100%)*20%) -> 0.192 | M15: 72 | N15: =((M15/75*100%)*20%) -> 0.192 | O15: 72 | P15: =((O15/75*100%)*20%) -> 0.192 | Q15: 62 | R15: =((Q15/75*100%)*20%) -> 0.16533333 | S15: 69 | T15: =((S15/75*100%)*20%) -> 0.184 | U15: 64 | V15: =((U15/75*100%)*20%) -> 0.17066667 | W15: 67 | X15: =((W15/75*100%)*20%) -> 0.17866667 | Z15: =((Y15/75*100%)*20%) -> 0
E16: - Jumlah jam kunjungan (150 Jam / 9000 Menit) | F16: 0.1 | G16: =6322/60 -> 105.36667 | H16: =((G16/150*100%)*10%) -> 0.070244444 | I16: 101 | J16: =((I16/150*100%)*10%) -> 0.067333333 | K16: 123 | L16: =((K16/150*100%)*10%) -> 0.082 | M16: 123 | N16: =((M16/150*100%)*10%) -> 0.082 | O16: =6166/60 -> 102.76667 | P16: =((O16/150*100%)*10%) -> 0.068511111 | Q16: =5887/60 -> 98.116667 | R16: =((Q16/150*100%)*10%) -> 0.065411111 | S16: =8161/60 -> 136.01667 | T16: =((S16/150*100%)*10%) -> 0.090677778 | U16: =6035/60 -> 100.58333 | V16: =((U16/150*100%)*10%) -> 0.067055556 | W16: =6565/60 -> 109.41667 | X16: =((W16/150*100%)*10%) -> 0.072944444 | Z16: =((Y16/150*100%)*10%) -> 0
E17: - Hari efektif | F17: 0.05 | G17: 24 | H17: =((23/24*100%)*5%) -> 0.047916667 | I17: 22 | J17: =((I17/24*100%)*5%) -> 0.045833333 | K17: 23 | L17: =((K17/25*100%)*5%) -> 0.046 | M17: 23 | N17: =((M17/23*100%)*5%) -> 0.05 | O17: 24 | P17: =((O17/24*100%)*5%) -> 0.05 | Q17: 23 | R17: =((Q17/24*100%)*5%) -> 0.047916667 | S17: 25 | T17: =((S17/24*100%)*5%) -> 0.052083333 | U17: 26 | V17: =((U17/24*100%)*5%) -> 0.054166667 | W17: 24 | X17: =((W17/24*100%)*5%) -> 0.05 | Z17: =((Y17/24*100%)*5%) -> 0
B18: Total | F18: =SUM(F5:F17) -> 1 | H18: =SUM(H5:H17) -> 0.77316111 | J18: =SUM(J5:J17) -> 0.7125 | L18: =SUM(L5:L17) -> 0.846 | N18: =SUM(N5:N17) -> 0.75 | P18: =SUM(P5:P17) -> 0.69051111 | R18: =SUM(R5:R17) -> 0.65866111 | T18: =SUM(T5:T17) -> 0.75676111 | V18: =SUM(V5:V17) -> 0.82188889 | X18: =SUM(X5:X17) -> 0.83161111 | Z18: =SUM(Z5:Z17) -> 0
